Department Name,Service Name,Documents
Drainage,Sewage Connection,Four Copies Of Maps
Drainage,Sewage Connection,Tax Department Certificate Of No Arrears
Drainage,Sewage Connection,Certificate Of Society
Drainage,Sewage Connection,Copy of Building Permit Consent Letter
Drainage,Sewage Connection,Copy of Power of Attorney (If Required)
Drainage,Sewage Connection,Ownership Documents
Drainage,Sewage Connection,Plumber License Certificate
ENCROACHMENT,Permitting Pavilion / Arch / Running Pavilion,Information (Circular) About Organized Program
ENCROACHMENT,Permitting Pavilion / Arch / Running Pavilion,Detailed Map Of Respective Location.
ENCROACHMENT,Permitting Pavilion / Arch / Running Pavilion,Local Police Station/ Traffic Police Department's NOC From Eligible Person According To Law And Order
ENCROACHMENT,Placing Building Materials On Public Roads Of Pune Municipal Corporation / Issuing License For Hill Construction / Renovating,Building Commencement Certificate
ENCROACHMENT,Placing Building Materials On Public Roads Of Pune Municipal Corporation / Issuing License For Hill Construction / Renovating,Application With Detail Information In Departmental Format ( Form -D)
ENCROACHMENT,Placing Building Materials On Public Roads Of Pune Municipal Corporation / Issuing License For Hill Construction / Renovating,Detailed Map Of Respective Location
ENCROACHMENT,Placing Building Materials On Public Roads Of Pune Municipal Corporation / Issuing License For Hill Construction / Renovating,Old License/Receipt For Renewal
Fire Brigade,Exhibition NOC With Fire Tender,Sanctioned Drawing Map
Fire Brigade,Exhibition NOC With Fire Tender,“B” Form Of License Agency For The Fire Fighting System Made In The Building / Premises
Fire Brigade,Exhibition NOC With Fire Tender,Detail Of Arrangement For Fire Fighting Will Be Made At The Exhibition / Program Place
Fire Brigade,Exhibition NOC With Fire Tender,Sanctioned Drawing Map
Fire Brigade,Exhibition NOC With Fire Tender,Firm Estabilishment Proof
Fire Brigade,Exhibition NOC With Fire Tender,Request Letter Of Organizer Along With The Details Of Program / Exhibition
Fire Brigade,Exhibition NOC With Fire Tender,“B” Form Of License Agency For The Fire Fighting System Made In The Building / Premises
Fire Brigade,Exhibition NOC With Fire Tender,Detail Of Arrangement For Fire Fighting Will Be Made At The Exhibition / Program Place
Fire Brigade,Exhibition NOC With Fire Tender,Request Letter Of Organizer Along With The Details Of Program / Exhibition
Fire Brigade,"NOC For Educational, Shopping Malls, Industry, Marriage/Party Halls",“A” / “B” Form Of License Agency For The Fire Fighting System Made In Building/Premises Of The Business
Fire Brigade,"NOC For Educational, Shopping Malls, Industry, Marriage/Party Halls",Request Letter From Owner Of The Business Along With The Details Of Business
Fire Brigade,"NOC For Educational, Shopping Malls, Industry, Marriage/Party Halls",“A” / “B” Form Of License Agency For The Fire Fighting System Made In Building/Premises Of The Business
Fire Brigade,"NOC For Educational, Shopping Malls, Industry, Marriage/Party Halls",Firm Estabilishment Proof
Fire Brigade,"NOC For Educational, Shopping Malls, Industry, Marriage/Party Halls","Photo Copy Of Refilling Of Fire Extinguishers, Self Attested."
Fire Brigade,"NOC For Educational, Shopping Malls, Industry, Marriage/Party Halls",No Objection Certificate For The Society Members Where The Business Is Situated (If Required)
Fire Brigade,"NOC For Educational, Shopping Malls, Industry, Marriage/Party Halls",Completion /Sanction Plan Certificate Of The Place /Building Where The Business Situated
Fire Brigade,"NOC For Educational, Shopping Malls, Industry, Marriage/Party Halls",Test
Fire Brigade,"NOC For Educational, Shopping Malls, Industry, Marriage/Party Halls","Photo Copy Of MSEDCL Bill ( Light Bill), Self Attested"
Fire Brigade,"NOC For Educational, Shopping Malls, Industry, Marriage/Party Halls","Photo Copy Of Latest PMC Tax Receipt, Self Attested"
Fire Brigade,"NOC For Educational, Shopping Malls, Industry, Marriage/Party Halls","Shop Act License, Self Attested."
Fire Brigade,"NOC For Educational, Shopping Malls, Industry, Marriage/Party Halls",Previous Fire NOC
Fire Brigade,"NOC For Educational, Shopping Malls, Industry, Marriage/Party Halls",Request Letter From Owner Of The Business Along With The Details Of Business
Fire Brigade,"NOC For Educational, Shopping Malls, Industry, Marriage/Party Halls","Photo Copy Of Refilling Of Fire Extinguishers, Self Attested."
Fire Brigade,"NOC For Educational, Shopping Malls, Industry, Marriage/Party Halls",No Objection Certificate For The Society Members Where The Business Is Situated (If Required)
Fire Brigade,"NOC For Educational, Shopping Malls, Industry, Marriage/Party Halls",Completion /Sanction Plan Certificate Of The Place /Building Where The Business Situated
Fire Brigade,"NOC For Educational, Shopping Malls, Industry, Marriage/Party Halls",Test
Fire Brigade,"NOC For Educational, Shopping Malls, Industry, Marriage/Party Halls","Photo Copy Of MSEDCL Bill ( Light Bill), Self Attested"
Fire Brigade,"NOC For Educational, Shopping Malls, Industry, Marriage/Party Halls","Photo Copy Of Latest PMC Tax Receipt, Self Attested"
Fire Brigade,"NOC For Educational, Shopping Malls, Industry, Marriage/Party Halls","Shop Act License, Self Attested."
Fire Brigade,"NOC For Educational, Shopping Malls, Industry, Marriage/Party Halls",Previous Fire NOC
Fire Brigade,NOC For Fire Tender Requirement,Firm Estabilishment Proof
Fire Brigade,NOC For Fire Tender Requirement,Detail Of Arrangement For Fire Fighting Will Be Made At The Exhibition / Program Place
Fire Brigade,NOC For Fire Tender Requirement,Request Letter Of Organizer Along With The Details Of Program / Exhibition
Fire Brigade,NOC For Fire Tender Requirement,“B” Form Of License Agency For The Fire Fighting System Made In The Building / Premises
Fire Brigade,NOC For Fire Tender Requirement,Detail Of Arrangement For Fire Fighting Will Be Made At The Exhibition / Program Place
Fire Brigade,NOC For Fire Tender Requirement,Request Letter Of Organizer Along With The Details Of Program / Exhibition
Fire Brigade,NOC For Fire Tender Requirement,“B” Form Of License Agency For The Fire Fighting System Made In The Building / Premises
Fire Brigade,NOC For Hospital / Clinic / Nursing Home,"Shop Act License, Self Attested."
Fire Brigade,NOC For Hospital / Clinic / Nursing Home,Previous Fire NOC
Fire Brigade,NOC For Hospital / Clinic / Nursing Home,"Shop Act License, Self Attested."
Fire Brigade,NOC For Hospital / Clinic / Nursing Home,Receipt Of Water Tax For The Current Year
Fire Brigade,NOC For Hospital / Clinic / Nursing Home,“A” / “B” Form Of License Agency For The Fire Fighting System Made In Building/Premises Of The Business
Fire Brigade,NOC For Hospital / Clinic / Nursing Home,"Photo Copy Of MSEDCL Bill ( Light Bill), Self Attested"
Fire Brigade,NOC For Hospital / Clinic / Nursing Home,"Photo Copy Of Latest PMC Tax Receipt, Self Attested"
Fire Brigade,NOC For Hospital / Clinic / Nursing Home,Request Letter From Owner Of The Business Along With The Details Of Business
Fire Brigade,NOC For Hospital / Clinic / Nursing Home,"Photo Copy Of Refilling Of Fire Extinguishers, Self Attested."
Fire Brigade,NOC For Hospital / Clinic / Nursing Home,No Objection Certificate For The Society Members Where The Business Is Situated (If Required)
Fire Brigade,NOC For Hospital / Clinic / Nursing Home,Previous Fire NOC
Fire Brigade,NOC For Hospital / Clinic / Nursing Home,Completion /Sanction Plan Certificate Of The Place /Building Where The Business Situated
Fire Brigade,NOC For Hospital / Clinic / Nursing Home,“A” / “B” Form Of License Agency For The Fire Fighting System Made In Building/Premises Of The Business
Fire Brigade,NOC For Hospital / Clinic / Nursing Home,"Photo Copy Of MSEDCL Bill ( Light Bill), Self Attested"
Fire Brigade,NOC For Hospital / Clinic / Nursing Home,"Photo Copy Of Latest PMC Tax Receipt, Self Attested"
Fire Brigade,NOC For Hospital / Clinic / Nursing Home,Request Letter From Owner Of The Business Along With The Details Of Business
Fire Brigade,NOC For Hospital / Clinic / Nursing Home,"Photo Copy Of Refilling Of Fire Extinguishers, Self Attested."
Fire Brigade,NOC For Hospital / Clinic / Nursing Home,No Objection Certificate For The Society Members Where The Business Is Situated (If Required)
Fire Brigade,NOC For Hospital / Clinic / Nursing Home,Completion /Sanction Plan Certificate Of The Place /Building Where The Business Situated
Fire Brigade,NOC For Hotels (No Star Hotels),"Shop Act License, Self Attested."
Fire Brigade,NOC For Hotels (No Star Hotels),Completion /Sanction Plan Certificate Of The Place /Building Where The Business Situated
Fire Brigade,NOC For Hotels (No Star Hotels),"Photo Copy Of Refilling Of Fire Extinguishers, Self Attested."
Fire Brigade,NOC For Hotels (No Star Hotels),Request Letter From Owner Of The Business Along With The Details Of Business
Fire Brigade,NOC For Hotels (No Star Hotels),"Photo Copy Of Refilling Of Fire Extinguishers, Self Attested."
Fire Brigade,NOC For Hotels (No Star Hotels),“A” / “B” Form Of License Agency For The Fire Fighting System Made In Building/Premises Of The Business
Fire Brigade,NOC For Hotels (No Star Hotels),No Objection Certificate For The Society Members Where The Business Is Situated (If Required)
Fire Brigade,NOC For Hotels (No Star Hotels),Previous Fire NOC
Fire Brigade,NOC For Hotels (No Star Hotels),"Photo Copy Of MSEDCL Bill ( Light Bill), Self Attested"
Fire Brigade,NOC For Hotels (No Star Hotels),Firm Estabilishment Proof
Fire Brigade,NOC For Hotels (No Star Hotels),"Photo Copy Of MSEDCL Bill ( Light Bill), Self Attested"
Fire Brigade,NOC For Hotels (No Star Hotels),"Photo Copy Of Latest PMC Tax Receipt, Self Attested"
Fire Brigade,NOC For Hotels (No Star Hotels),"Shop Act License, Self Attested."
Fire Brigade,NOC For Hotels (No Star Hotels),“A” / “B” Form Of License Agency For The Fire Fighting System Made In Building/Premises Of The Business
Fire Brigade,NOC For Hotels (No Star Hotels),No Objection Certificate For The Society Members Where The Business Is Situated (If Required)
Fire Brigade,NOC For Hotels (No Star Hotels),Previous Fire NOC
Fire Brigade,NOC For Hotels (No Star Hotels),Request Letter From Owner Of The Business Along With The Details Of Business
Fire Brigade,NOC For Hotels (No Star Hotels),"Photo Copy Of Latest PMC Tax Receipt, Self Attested"
Fire Brigade,NOC For Hotels (No Star Hotels),Completion /Sanction Plan Certificate Of The Place /Building Where The Business Situated
Fire Brigade,NOC For Hotels (Star Hotels),“A” / “B” Form Of License Agency For The Fire Fighting System Made In Building/Premises Of The Business
Fire Brigade,NOC For Hotels (Star Hotels),Firm Estabilishment Proof
Fire Brigade,NOC For Hotels (Star Hotels),Request Letter Of Organizer Along With The Details Of Program / Exhibition
Fire Brigade,NOC For Hotels (Star Hotels),Request Letter From Owner Of The Business Along With The Details Of Business
Fire Brigade,NOC For Hotels (Star Hotels),“A” / “B” Form Of License Agency For The Fire Fighting System Made In Building/Premises Of The Business
Fire Brigade,NOC For Hotels (Star Hotels),"Photo Copy Of Refilling Of Fire Extinguishers, Self Attested."
Fire Brigade,NOC For Hotels (Star Hotels),No Objection Certificate For The Society Members Where The Business Is Situated (If Required)
Fire Brigade,NOC For Hotels (Star Hotels),Previous Fire NOC
Fire Brigade,NOC For Hotels (Star Hotels),"Photo Copy Of MSEDCL Bill ( Light Bill), Self Attested"
Fire Brigade,NOC For Hotels (Star Hotels),"Photo Copy Of Latest PMC Tax Receipt, Self Attested"
Fire Brigade,NOC For Hotels (Star Hotels),"Shop Act License, Self Attested."
Fire Brigade,NOC For Hotels (Star Hotels),Completion /Sanction Plan Certificate Of The Place /Building Where The Business Situated
Fire Brigade,NOC For Hotels (Star Hotels),Completion /Sanction Plan Certificate Of The Place /Building Where The Business Situated
Fire Brigade,NOC For Hotels (Star Hotels),Request Letter Of Organizer Along With The Details Of Program / Exhibition
Fire Brigade,NOC For Hotels (Star Hotels),"Shop Act License, Self Attested."
Fire Brigade,NOC For Hotels (Star Hotels),"Photo Copy Of Latest PMC Tax Receipt, Self Attested"
Fire Brigade,NOC For Hotels (Star Hotels),"Photo Copy Of MSEDCL Bill ( Light Bill), Self Attested"
Fire Brigade,NOC For Hotels (Star Hotels),Previous Fire NOC
Fire Brigade,NOC For Hotels (Star Hotels),No Objection Certificate For The Society Members Where The Business Is Situated (If Required)
Fire Brigade,NOC For Hotels (Star Hotels),"Photo Copy Of Refilling Of Fire Extinguishers, Self Attested."
Fire Brigade,NOC For Hotels (Star Hotels),Request Letter From Owner Of The Business Along With The Details Of Business
Fire Brigade,NOC For Lodging Or Rooming Houses,Completion /Sanction Plan Certificate Of The Place /Building Where The Business Situated
Fire Brigade,NOC For Lodging Or Rooming Houses,"Photo Copy Of MSEDCL Bill ( Light Bill), Self Attested"
Fire Brigade,NOC For Lodging Or Rooming Houses,"Shop Act License, Self Attested."
Fire Brigade,NOC For Lodging Or Rooming Houses,"Photo Copy Of Latest PMC Tax Receipt, Self Attested"
Fire Brigade,NOC For Lodging Or Rooming Houses,"Photo Copy Of Refilling Of Fire Extinguishers, Self Attested."
Fire Brigade,NOC For Lodging Or Rooming Houses,No Objection Certificate For The Society Members Where The Business Is Situated (If Required)
Fire Brigade,NOC For Lodging Or Rooming Houses,“A” / “B” Form Of License Agency For The Fire Fighting System Made In Building/Premises Of The Business
Fire Brigade,NOC For Lodging Or Rooming Houses,Completion /Sanction Plan Certificate Of The Place /Building Where The Business Situated
Fire Brigade,NOC For Lodging Or Rooming Houses,Request Letter From Owner Of The Business Along With The Details Of Business
Fire Brigade,NOC For Lodging Or Rooming Houses,Firm Estabilishment Proof
Fire Brigade,NOC For Lodging Or Rooming Houses,"Photo Copy Of Latest PMC Tax Receipt, Self Attested"
Fire Brigade,NOC For Lodging Or Rooming Houses,“A” / “B” Form Of License Agency For The Fire Fighting System Made In Building/Premises Of The Business
Fire Brigade,NOC For Lodging Or Rooming Houses,No Objection Certificate For The Society Members Where The Business Is Situated (If Required)
Fire Brigade,NOC For Lodging Or Rooming Houses,Previous Fire NOC
Fire Brigade,NOC For Lodging Or Rooming Houses,"Photo Copy Of MSEDCL Bill ( Light Bill), Self Attested"
Fire Brigade,NOC For Lodging Or Rooming Houses,"Shop Act License, Self Attested."
Fire Brigade,NOC For Lodging Or Rooming Houses,"Photo Copy Of Refilling Of Fire Extinguishers, Self Attested."
Fire Brigade,NOC For Lodging Or Rooming Houses,Previous Fire NOC
Fire Brigade,NOC For Lodging Or Rooming Houses,Request Letter From Owner Of The Business Along With The Details Of Business
Fire Brigade,"NOC For LPG, CNG, Diesel - Petrol Filling Station",Approved Plan Of Filling Station By Explosive Dept. Govt. Of the India.
Fire Brigade,"NOC For LPG, CNG, Diesel - Petrol Filling Station",Firm Estabilishment Proof
Fire Brigade,"NOC For LPG, CNG, Diesel - Petrol Filling Station",Application Of The Owner / Company
Fire Brigade,"NOC For LPG, CNG, Diesel - Petrol Filling Station",Application Of The Owner / Company
Fire Brigade,"NOC For LPG, CNG, Diesel - Petrol Filling Station",Commencement Letter By Explosive Dept. Govt. Of The India.
Fire Brigade,"NOC For LPG, CNG, Diesel - Petrol Filling Station",Approved Plan Of Filling Station By Explosive Dept. Govt. Of the India.
Fire Brigade,"NOC For LPG, CNG, Diesel - Petrol Filling Station",Commencement Letter By Explosive Dept. Govt. Of The India.
Fire Brigade,NOC For LPG Reticulated System In Building,"Approved Plan Of The Building - Layout, Building Plan"
Fire Brigade,NOC For LPG Reticulated System In Building,Proposed Drawing Of The Reticulated System
Fire Brigade,NOC For LPG Reticulated System In Building,"Approved Plan Of The Building - Layout, Building Plan"
Fire Brigade,NOC For LPG Reticulated System In Building,Proposed Drawing Of The Reticulated System
Fire Brigade,NOC For LPG Reticulated System In Building,“A” / “B” Form Of License Agency For The Fire Fighting System Made In Building/Premises Of The Business
Fire Brigade,NOC For LPG Reticulated System In Building,Completion Certificate Of The Building
Fire Brigade,NOC For LPG Reticulated System In Building,“A” / “B” Form Of License Agency For The Fire Fighting System Made In Building/Premises Of The Business
Fire Brigade,NOC For LPG Reticulated System In Building,Application Of The Developer / Society / Company
Fire Brigade,NOC For LPG Reticulated System In Building,Receipt Of Water Tax For The Current Year
Fire Brigade,NOC For LPG Reticulated System In Building,Completion Certificate Of The Building
Fire Brigade,NOC For LPG Reticulated System In Building,Application Of The Developer / Society / Company
Fire Brigade,"NOC For Organizing Exhibition/Program, Cultural Program , Pendol, Stage For Temporary Structure",“B” Form Of License Agency For The Fire Fighting System Made In The Building / Premises
Fire Brigade,"NOC For Organizing Exhibition/Program, Cultural Program , Pendol, Stage For Temporary Structure",Request Letter Of Organizer Along With The Details Of Program / Exhibition
Fire Brigade,"NOC For Organizing Exhibition/Program, Cultural Program , Pendol, Stage For Temporary Structure",Firm Estabilishment Proof
Fire Brigade,"NOC For Organizing Exhibition/Program, Cultural Program , Pendol, Stage For Temporary Structure",Application Form With Reason
Fire Brigade,"NOC For Organizing Exhibition/Program, Cultural Program , Pendol, Stage For Temporary Structure",Application Of The Owner / Company
Fire Brigade,"NOC For Organizing Exhibition/Program, Cultural Program , Pendol, Stage For Temporary Structure",Request Letter Of Organizer Along With The Details Of Program / Exhibition
Fire Brigade,"NOC For Organizing Exhibition/Program, Cultural Program , Pendol, Stage For Temporary Structure",Detail Of Arrangement For Fire Fighting Will Be Made At The Exhibition / Program Place
Fire Brigade,"NOC For Organizing Exhibition/Program, Cultural Program , Pendol, Stage For Temporary Structure",“B” Form Of License Agency For The Fire Fighting System Made In The Building / Premises
Fire Brigade,"NOC For Organizing Exhibition/Program, Cultural Program , Pendol, Stage For Temporary Structure",Application Of The Owner / Company
Fire Brigade,"NOC For Organizing Exhibition/Program, Cultural Program , Pendol, Stage For Temporary Structure",Detail Of Arrangement For Fire Fighting Will Be Made At The Exhibition / Program Place
Health,"Application For Registration/ Renewal Of Registration Under Section 5 Of The Bombay Nursing Home Registration Act, 1949, Under Rules 4 And 6 Duplicate License Copy",Original Certificate 
Health,"Application For Registration/ Renewal Of Registration Under Section 5 Of The Bombay Nursing Home Registration Act, 1949, Under Rules 4 And 6 Duplicate License Copy",No Dues Certificate
Health,"Application For Registration/ Renewal Of Registration Under Section 5 Of The Bombay Nursing Home Registration Act, 1949, Under Rules 4 And 6 Duplicate License Copy",Registration Certificate
Health,"Application For Registration/ Renewal Of Registration Under Section 5 Of The Bombay Nursing Home Registration Act, 1949, Under Rules 4 And 6 Duplicate License Copy",Application Form With Reason
Health,"Application For Registration/ Renewal Of Registration Under Section 5 Of The Bombay Nursing Home Registration Act, 1949, Under Rules 4 And 6 Duplicate License Copy",Affidavit On 100Rs Stamp Paper
Health,"Application For Registration/ Renewal Of Registration Under Section 5 Of The Bombay Nursing Home Registration Act, 1949, Under Rules 4 And 6 For Change In Number Of Partners On License ",Original Certificate 
Health,"Application For Registration/ Renewal Of Registration Under Section 5 Of The Bombay Nursing Home Registration Act, 1949, Under Rules 4 And 6 For Change In Number Of Partners On License ",Registration Certificate
Health,"Application For Registration/ Renewal Of Registration Under Section 5 Of The Bombay Nursing Home Registration Act, 1949, Under Rules 4 And 6 For Change In Number Of Partners On License ",Death Certificate
Health,"Application For Registration/ Renewal Of Registration Under Section 5 Of The Bombay Nursing Home Registration Act, 1949, Under Rules 4 And 6 For Change In Number Of Partners On License ",Affidavit
Health,"Application For Registration/ Renewal Of Registration Under Section 5 Of The Bombay Nursing Home Registration Act, 1949, Under Rules 4 And 6 For Change In Number Of Partners On License ",Photocopy Of License If The Business Is In The Form Of A Partnership / Company
Health,"Application For Registration/ Renewal Of Registration Under Section 5 Of The Bombay Nursing Home Registration Act, 1949, Under Rules 4 And 6 For Change In Number Of Partners On License ",Application Form With Reason
Health,"Application For Registration/ Renewal Of Registration Under Section 5 Of The Bombay Nursing Home Registration Act, 1949, Under Rules 4 And 6 For Change In Number Of Partners On License ",No Dues Certificate
Health,"Application For Registration/ Renewal Of Registration Under Section 5 Of The Bombay Nursing Home Registration Act, 1949, Under Rules 4 And 6 Partner Name Change On License",3 Years Of Experience Certificates Of Two Builders Or Architects(Architechts Only)
Health,"Application For Registration/ Renewal Of Registration Under Section 5 Of The Bombay Nursing Home Registration Act, 1949, Under Rules 4 And 6 Partner Name Change On License",Purchase Letter
Health,"Application For Registration/ Renewal Of Registration Under Section 5 Of The Bombay Nursing Home Registration Act, 1949, Under Rules 4 And 6 Partner Name Change On License",Affidavit On 100Rs Stamp Paper
Health,"Application For Registration/ Renewal Of Registration Under Section 5 Of The Bombay Nursing Home Registration Act, 1949, Under Rules 4 And 6 Partner Name Change On License",Ration Card
Health,"Application For Registration/ Renewal Of Registration Under Section 5 Of The Bombay Nursing Home Registration Act, 1949, Under Rules 4 And 6 Partner Name Change On License",If Licensee Is Dead Then Attested Copies Of Death Certificate 
Health,"Application For Registration/ Renewal Of Registration Under Section 5 Of The Bombay Nursing Home Registration Act, 1949, Under Rules 4 And 6 Partner Name Change On License",Registration Certificate
Health,"Application For Registration/ Renewal Of Registration Under Section 5 Of The Bombay Nursing Home Registration Act, 1949, Under Rules 4 And 6 Partner Name Change On License",Original Certificate 
Health,"Application For Registration/ Renewal Of Registration Under Section 5 Of The Bombay Nursing Home Registration Act, 1949, Under Rules 4 And 6 Partner Name Change On License",No Dues Certificate
Health,"Application For Registration/ Renewal Of Registration Under Section 5 Of The Bombay Nursing Home Registration Act, 1949, Under Rules 4 And 6 Partner Name Change On License",Application Form With Reason
Health,"Application For Registration/ Renewal Of Registration Under Section 5 Of The Bombay Nursing Home Registration Act, 1949, Under Rules 4 And 6 Partner Name Change On License",If Proprietorship - Then Individual Application
Health,"Application For Registration/ Renewal Of Registration Under Section 5 Of The Bombay Nursing Home Registration Act, 1949, Under Rules 4 And 6 Partner Name Change On License",Photocopy Of License If The Business Is In The Form Of A Partnership / Company
Health,"Application For Registration/ Renewal Of Registration Under Section 5 Of The Bombay Nursing Home Registration Act, 1949, Under Rules 4 And 6 Partner Name Change On License",Doctors' Valid Registration From Concerned Medical Council & Educational Qualification
Health,"Application For Registration/ Renewal Of Registration Under Section 5 Of The Bombay Nursing Home Registration Act, 1949, Under Rules 4 And 6 Regarding The Cancellation Of The License Issued ",Original Certificate
Health,"Application For Registration/ Renewal Of Registration Under Section 5  Of The Bombay Nursing Home Registration Act, 1949, Under Rules 4 And 6 Regarding The Cancellation Of The License Issued",Application Form With Reason
Health,"Application For Registration/ Renewal Of Registration Under Section 5  Of The Bombay Nursing Home Registration Act, 1949, Under Rules 4 And 6 Regarding The Cancellation Of The License Issued",No Dues Certificate
Health,H-10 License To Manufacture Ice Fruit And Ice,Receipt Of Payment Of Water Tax For Separate Water Connection With Meter
Health,H-10 License To Manufacture Ice Fruit And Ice,NOC of Building Department
Health,H-10 License To Manufacture Ice Fruit And Ice,Blue Print With Measurement Of Site With Plan / Map Of Business Place
Health,H-10 License To Manufacture Ice Fruit And Ice,Separate Tap Connection With Meter (Commercial) Water Bill Payment Receipt
Health,H-10 License To Manufacture Ice Fruit And Ice,If Non-Resident (Register Rent Agreement/ Owner NOC)
Health,H-10 License To Manufacture Ice Fruit And Ice,Receipt Of Payment Of Current Year Property Tax NOC Of Tax Collection And Taxation Department
Health,H-10 License To Manufacture Ice Fruit And Ice,If Business Is Under Galicha Vasti Nirmulan Then Related Dept NOC/Non Res Services Payment Receipt
Health,H-10 License To Manufacture Ice Fruit And Ice,Non Residential Services Payment Receipt
Health,H-10 License To Manufacture Ice Fruit And Ice,NOC Of Fire Brigade Department
Health,H-11 Dog License,Pet Owner Aadhar Card
Health,H-11 Dog License,Address Proof(Self Owned/Rental/Leased )
Health,H-11 Dog License,Pet Image 1: Face
Health,H-11 Dog License,Pet Image 3 :Left Side
Health,H-11 Dog License,Pet Image 2: Right Side
Health,H-11 Dog License,Certificate Of Last Anti-Rabies Vaccination
Health,H-11 Dog License,NOC Of Landlord/Lease (If Rented Or Leased)
Health,H-12 License For Animal Skin Selling And Storage,If Business Is Under Galicha Vasti Nirmulan Then Related Dept NOC/Non Res Services Payment Receipt
Health,H-12 License For Animal Skin Selling And Storage,Blue Print With Measurement Of Site With Plan / Map Of Business Place
Health,H-12 License For Animal Skin Selling And Storage,Receipt Of Payment Of Current Year Property Tax NOC Of Tax Collection And Taxation Department
Health,H-12 License For Animal Skin Selling And Storage,If Non-Resident (Register Rent Agreement/ Owner NOC)
Health,H-12 License For Animal Skin Selling And Storage,NOC of Building Department
Health,H-12 License For Animal Skin Selling And Storage,Non Residential Services Payment Receipt
Health,H-12 License For Animal Skin Selling And Storage,Receipt Of Payment Of Current Year Property Tax NOC Of Tax Collection And Taxation Department
Health,H-12 License For Animal Skin Selling And Storage,Receipt Of Payment Of Water Tax For Separate Water Connection With Meter
Health,H-12 License For Animal Skin Selling And Storage,If Business Is Under Galicha Vasti Nirmulan Then Related Dept NOC/Non Res Services Payment Receipt
Health,H-12 License For Animal Skin Selling And Storage,Receipt Of Payment Of Water Tax For Separate Water Connection With Meter
Health,H-12 License For Animal Skin Selling And Storage,Blue Print With Measurement Of Site With Plan / Map Of Business Place
Health,H-12 License For Animal Skin Selling And Storage,No Objection Certificate From Construction Department
Health,H-13 Renewal Of Dog/ Cat License,Certificate Of Last Anti-Rabies Vaccination
Health,H-13 Renewal Of Dog/ Cat License,Pet Image 3 :Left Side
Health,H-13 Renewal Of Dog/ Cat License,Pet Image 2: Right Side
Health,H-13 Renewal Of Dog/ Cat License,Pet Image 1: Face
Health,H-13 Renewal Of Dog/ Cat License,Pet Owner Aadhar Card
Health,H-13 Renewal Of Dog/ Cat License,NOC Of Landlord/Lease (If Rented Or Leased)
Health,H-13 Renewal Of Dog/ Cat License,Address Proof(Self Owned/Rental/Leased )
Health,H-13 Renewal Of Dog/ Cat License,Documents Related To Proof Of The Place
Health,H-13 Renewal Of Dog/ Cat License,Original License Book
Health,H-15 Application Of Registration Of Nursing Homes,"If The Business Is In The Form Of A Company Or Partnership, A Copy Of The Registered Partnership, In Case Of A Company, A Copy Of The Articles Of Association Of The Company / A Copy Of The Registration Certificate Of The Office Of The Charity Commissioner, (...)"
Health,H-15 Application Of Registration Of Nursing Homes,Photocopy Of Nursing Home Registration Certificate
Health,H-15 Application Of Registration Of Nursing Homes,Biomedical No Dues Certificate
Health,H-15 Application Of Registration Of Nursing Homes,Educational Certificates Of Nursing Cadre (Nurse With Qualification As Auxiliary Nursing Midwifery Or General Nursing Midwifery Is Mandatory) Copies Of Updated Registration Certificates Of Nurses Registered With Maharashtra Nursing Council
Health,H-15 Application Of Registration Of Nursing Homes,Receipt Of Payment Of Water Tax For Separate Water Connection With Meter
Health,H-15 Application Of Registration Of Nursing Homes,"City Family Welfare Office, Pune M.N.P. Family Planning Surgery Letter From (If Maternity Bed)"
Health,H-15 Application Of Registration Of Nursing Homes,Copy Of Registered Tenancy Agreement If The Place Of Business Is On Tenancy Agreement.
Health,H-15 Application Of Registration Of Nursing Homes,Receipt Of Income For The Current Year/Tax Collection And Taxation NOC Of Division
Health,H-15 Application Of Registration Of Nursing Homes,Photocopies Of The Board Displaying The Toll Free Number Of Grievance Redressal Room In The Facade Of The Hospital
Health,H-15 Application Of Registration Of Nursing Homes,"Medical Practitioners, Degree/Graduate Certificates of Medical Education, Degree/Graduate Certificates of Educational Enhancement, Certificates of Enhanced Educational Qualification Appointment Letters And Their Own Letter Of Acceptance Of Appointment In C (...)"
Health,H-15 Application Of Registration Of Nursing Homes,Updated Registration Certificate Registered With Maharashtra Pollution Control Board
Health,H-15 Application Of Registration Of Nursing Homes,Photocopies Of The Boards Displayed In The Facade Of The Hospital Showing The Tariff Of Treatment Provided In The Hospital And The Code Of Patient Rights
Health,H-15 Application Of Registration Of Nursing Homes,NOC Of Fire Brigade Department
Health,H-15 Application Of Registration Of Nursing Homes,Updated Registration Certificates Of The Medical Practitioner Registered With Maharashtra Medical Council And Concerned Medical Councils Of Maharashtra State
Health,H-16 Cat Keeping License,Pet Image 3 :Left Side
Health,H-16 Cat Keeping License,Address Proof(Self Owned/Rental/Leased )
Health,H-16 Cat Keeping License,NOC Of Landlord/Lease (If Rented Or Leased)
Health,H-16 Cat Keeping License,Certificate Of Last Anti-Rabies Vaccination
Health,H-16 Cat Keeping License,Pet Image 2: Right Side
Health,H-16 Cat Keeping License,Pet Owner Aadhar Card
Health,H-16 Cat Keeping License,Pet Image 1: Face
Health,H-3 Lodging House License,Company MOU/Partnership (Aadhar Card/Property Tax Receipt)
Health,H-3 Lodging House License,Applicant Identification Proof (Aadhaar Card/PAN Card/Driving License)
Health,H-3 Lodging House License,Receipt Of Payment Of Water Tax For Separate Water Connection With Meter
Health,H-3 Lodging House License,Photo Of Condom Wending Machine
Health,H-3 Lodging House License,NOC Of Fire Brigade Department
Health,H-3 Lodging House License,Copy Of Partnership Registration(If Partner)
Health,H-3 Lodging House License,Map Of Business Place 3 Blue Print With Measurement Of Site And Plan
Health,H-3 Lodging House License,Smoking Zone Photo (1 Smoking Zone For 30 Rooms)
Health,H-3 Lodging House License,Receipt Of Payment Of Current Year Property Tax / NOC Of Tax Collection And Taxation Department 
Health,H-3 Lodging House License,Occupancy Letter Of Business From Construction Department
Health,H-3 Lodging House License,Approved Map Of Construction Department 
Health,H-3 Lodging House License,Copy Of Registered Tenancy Agreement If Place Of Business Is On Tenancy And Owner NOC(If Rented)
Health,H-3 Lodging House License,Applicant Address Proof(Aadhaar Card/Property Tax Receipt)
Health,H-4 Marriage/Banquet Hall License,If Business Is Under Galicha Vasti Nirmulan Then Related Dept NOC/Non Res Services Payment Receipt
Health,H-4 Marriage/Banquet Hall License,Map Of Business Place 3 Blue Print With Measurement Of Site And Plan
Health,H-4 Marriage/Banquet Hall License,Receipt Of Payment Of Water Tax For Separate Water Connection With Meter
Health,H-4 Marriage/Banquet Hall License,Applicant Address Proof(Aadhaar Card/Property Tax Receipt)
Health,H-4 Marriage/Banquet Hall License,Applicant Identification Proof (Aadhaar Card/PAN Card/Driving License)
Health,H-4 Marriage/Banquet Hall License,Map Of Business Place 3 Blue Print With Measurement Of Site And Plan
Health,H-4 Marriage/Banquet Hall License,Receipt Of Payment Of Current Year Property Tax / NOC Of Tax Collection And Taxation Department 
Health,H-4 Marriage/Banquet Hall License,NOC Of Fire Brigade Department
Health,H-4 Marriage/Banquet Hall License,Receipt Of Payment Of Water Tax For Separate Water Connection With Meter
Health,H-4 Marriage/Banquet Hall License,NOC of Building Department
Health,H-4 Marriage/Banquet Hall License,Rent Agreement & Non-Objectionable Letter Of Owner(If Property Is Rented)
Health,H-4 Marriage/Banquet Hall License,Applicant Address Proof(Aadhaar Card/Property Tax Receipt)
Health,H-4 Marriage/Banquet Hall License,Applicant Identification Proof (Aadhaar Card/PAN Card/Driving License)
Health,H-4 Marriage/Banquet Hall License,NOC Of Fire Brigade Department
Health,H-4 Marriage/Banquet Hall License,Bhogvata Patra(Occupancy Certificate)
Health,H-4 Marriage/Banquet Hall License,Company MOU/Partnership (Aadhar Card/Property Tax Receipt)
Health,H-5 Salon/Beauty Parlor License,Beauty Parlour Course Completion Certificate (For Beauty Parlour)
Health,H-5 Salon/Beauty Parlor License,Map Of Business Place 3 Blue Print With Measurement Of Site And Plan
Health,H-5 Salon/Beauty Parlor License,Applicant Address Proof(Aadhaar Card/Property Tax Receipt)
Health,H-5 Salon/Beauty Parlor License,Applicant Identification Proof (Aadhaar Card/PAN Card/Driving License)
Health,H-5 Salon/Beauty Parlor License,Map Of Business Place 3 Blue Print With Measurement Of Site And Plan
Health,H-5 Salon/Beauty Parlor License,Applicant Address Proof(Aadhaar Card/Property Tax Receipt)
Health,H-5 Salon/Beauty Parlor License,If Business Is Under Galicha Vasti Nirmulan Then Related Department NOC
Health,H-5 Salon/Beauty Parlor License,Receipt Of Non-Resident Service Charges
Health,H-5 Salon/Beauty Parlor License,Applicant Identification Proof (Aadhaar Card/PAN Card/Driving License)
Health,H-5 Salon/Beauty Parlor License,Receipt Of Payment Of Current Year Property Tax / NOC Of Tax Collection And Taxation Department 
Health,H-5 Salon/Beauty Parlor License,Company MOU/Partnership (Aadhar Card/Property Tax Receipt)
Health,H-5 Salon/Beauty Parlor License,Bhogvata Patra(Occupancy Certificate)
Health,H-5 Salon/Beauty Parlor License,Beauty Parlour Course Completion Certificate (For Beauty Parlour)
Health,H-5 Salon/Beauty Parlor License,If Non-Resident (Register Rent Agreement/ Owner NOC)
Health,H-6 Egg Sale/ Poultry License,"Printed Application In Favour Of Health Officer, Pune Municipal Corporation."
Health,H-6 Egg Sale/ Poultry License,If Business Is Under Galicha Vasti Nirmulan Then Related Dept NOC/Non Res Services Payment Receipt
Health,H-6 Egg Sale/ Poultry License,Bhogvat Letter
Health,H-6 Egg Sale/ Poultry License,Rent / Rental Agreement (If Occupancy Space Is Rented) / Non-Objectionable Letter Of Original Owner
Health,H-6 Egg Sale/ Poultry License,Business Space Maps With 3 Blue Print Sites Plans
Health,H-6 Egg Sale/ Poultry License,Receipt Of Payment Of Water Tax For Separate Water Connection With Meter (Only For Poultry)
Health,H-6 Egg Sale/ Poultry License,Receipt Of Payment Of Current Year Property Tax NOC Of Tax Collection And Taxation Department
Health,H-6 Egg Sale/ Poultry License,Receipt Of Payment Of Current Year Property Tax NOC Of Tax Collection And Taxation Department
Health,H-6 Egg Sale/ Poultry License,Receipt Of Payment Of Water Tax For Separate Water Connection With Meter
Health,H-6 Egg Sale/ Poultry License,Map Of Business Place
Health,H-6 Egg Sale/ Poultry License,Blue Print With Measurement Of Site With Plan / Map Of Business Place
Health,H-7 Panpatti Shop License Sale,Map Of Business Place 3 Blue Print With Measurement Of Site And Plan 
Health,H-7 Panpatti Shop License Sale,Receipt Of Payment Of Fee From Encroachment Department In Case Of Stall In Public Space
Health,H-7 Panpatti Shop License Sale,Ownership Consent In Case Of Private Premises
Health,H-7 Panpatti Shop License Sale,If Business Is Under Galicha Vasti Nirmulan Then Related Dept NOC/ Non Residential Services Payment Receipt
Health,H-7 Panpatti Shop License Sale,Copy Of Registered Tenancy Agreement If Place Of Business Is On Tenancy & Owner NOC (If Rented)
Health,H-7 Panpatti Shop License Sale,Receipt Of Payment Of Current Year Property Tax / NOC Of Tax Collection And Taxation Department
Health,H-8 License Of Kiln For Roasting Grain (Phutan Etc.),Registered Rent Agreement & NOC Of Owner
Health,H-8 License Of Kiln For Roasting Grain (Phutan Etc.),Map Of Business Place 3 Blue Print With Measurement Of Site And Plan 
Health,H-8 License Of Kiln For Roasting Grain (Phutan Etc.),If Business Is Under Galicha Vasti Nirmulan Then Related Dept NOC/Non Res Services Payment Receipt
Health,H-8 License Of Kiln For Roasting Grain (Phutan Etc.),NOC Of Fire Brigade Department
Health,H-8 License Of Kiln For Roasting Grain (Phutan Etc.),Map Of Business Place 3 Blue Print With Measurement Of Site And Plan 
Health,H-8 License Of Kiln For Roasting Grain (Phutan Etc.),NOC Of Fire Brigade Department
Health,H-8 License Of Kiln For Roasting Grain (Phutan Etc.),Registered Rent Agreement & NOC Of Owner
Health,H-8 License Of Kiln For Roasting Grain (Phutan Etc.),NOC Of Building Dept/Completion Certificate
Health,H-8 License Of Kiln For Roasting Grain (Phutan Etc.),If Business Is Under Galicha Vasti Nirmulan Then Related Dept NOC/Non Res Services Payment Receipt
Health,H-8 License Of Kiln For Roasting Grain (Phutan Etc.),Registered Rent Agreement & NOC Of Owner
Health,H-9 Sugarcane Juice Shop License,If Business Is Under Galicha Vasti Nirmulan Then Related Dept NOC/Non Res Services Payment Receipt
Health,H-9 Sugarcane Juice Shop License,Registered Rent Agreement & NOC Of Owner
Health,H-9 Sugarcane Juice Shop License,Business License Of Ras Gurhal
Health,H-9 Sugarcane Juice Shop License,Blue Print With Measurement Of Site With Plan / Map Of Business Place
Health,H-9 Sugarcane Juice Shop License,Receipt Of Payment Of Water Tax For Separate Water Connection With Meter
Health,H-9 Sugarcane Juice Shop License,Receipt Of Payment Of Current Year Property Tax NOC Of Tax Collection And Taxation Department
Health,H-9 Sugarcane Juice Shop License,Non Residential Services Payment Receipt
Health,"Marriage Hall, Lodging, Ice Fruit - Ice, Grain Kiln, Salon/Beauty Parlour,Panpatti, Sale Of Eggs/Poultry, Skin-Bones, Rasgu-Hal, Animals For Feeding Regarding The Cancellation Of The License Issued",Original Certificate 
Health,"Marriage Hall, Lodging, Ice Fruit - Ice, Grain Kiln, Salon/Beauty Parlour,Panpatti, Sale Of Eggs/Poultry, Skin-Bones, Rasgu-Hal, Animals For Feeding Regarding The Cancellation Of The License Issued",Application Form With Reason
Health,"Marriage Hall, Lodging, Ice Fruit - Ice, Grain Kiln, Salon/Beauty Parlour,Panpatti, Sale Of Eggs/Poultry, Skin-Bones, Rasgu-Hal, Animals For Feeding Regarding The Cancellation Of The License Issued",No Dues Certificate
Health,"Obtaining A New License (Beef, Pork, Mutton, Chicken, Fish)",Blue Print With Measurement Of Site With Plan / Map Of Business Place
Health,"Obtaining A New License (Beef, Pork, Mutton, Chicken, Fish)","Printed Application In Favour Of Health Officer, Pune Municipal Corporation."
Health,"Obtaining A New License (Beef, Pork, Mutton, Chicken, Fish)",Property Tax NOC
Health,"Obtaining A New License (Beef, Pork, Mutton, Chicken, Fish)",NOC  Of Construction Department
Health,"Obtaining A New License (Beef, Pork, Mutton, Chicken, Fish)",Receipt Of Income For The Current Year/Tax Collection And Taxation NOC Of Division
Health,"Obtaining A New License (Beef, Pork, Mutton, Chicken, Fish)",Receipt Of Payment Of Water Tax For Separate Water Connection With Meter
Health,"Obtaining A New License (Beef, Pork, Mutton, Chicken, Fish)",Shop Photograph
Health,"Obtaining A New License (Beef, Pork, Mutton, Chicken, Fish)",Aadhaar Card
Health,"Obtaining A New License (Beef, Pork, Mutton, Chicken, Fish)","In Case Of Society, Certificate Of Nomination Of Society"
Health,"Obtaining A New License (Beef, Pork, Mutton, Chicken, Fish)",Consent Letter / Agreement / Certificate Of Refusal From Owner Of Premises
Health,"Obtaining A New License (Beef, Pork, Mutton, Chicken, Fish)",Frozen Chicken - Permit No. Of Skyscraper Department
Health,"Obtaining A New License (Beef, Pork, Mutton, Chicken, Fish)",Proof Of Land Ownership / And Receipt Of Payment Of Property Tax
Health,"Regarding Change Of Name Of Licensee/Partner On License Issued For Mangal Office, Lodging, Ice Fruit - Ice, Grain Kiln, Salon/Beauty Parlour, Panpatti, Egg Sale / Poultry, Skin-Bone, Rasgu-Hal, Animal Husbandry",Copy Of Registered Tenancy Agreement If Place Of Business Is On Tenancy & Owner NOC (If Rented)
Health,"Regarding Change Of Name Of Licensee/Partner On License Issued For Mangal Office, Lodging, Ice Fruit - Ice, Grain Kiln, Salon/Beauty Parlour, Panpatti, Egg Sale / Poultry, Skin-Bone, Rasgu-Hal, Animal Husbandry",Copy Of Registered Tenancy Agreement If Place Of Business Is On Tenancy And Owner NOC(If Rented)
Health,"Regarding Change Of Name Of Licensee/Partner On License Issued For Mangal Office, Lodging, Ice Fruit - Ice, Grain Kiln, Salon/Beauty Parlour, Panpatti, Egg Sale / Poultry, Skin-Bone, Rasgu-Hal, Animal Husbandry",Applicant's Nominee Address Proof (Aadhaar Card/Property Tax Payment Receipt) 
Health,"Regarding Change Of Name Of Licensee/Partner On License Issued For Mangal Office, Lodging, Ice Fruit - Ice, Grain Kiln, Salon/Beauty Parlour, Panpatti, Egg Sale / Poultry, Skin-Bone, Rasgu-Hal, Animal Husbandry",No Dues Certificate
Health,"Regarding Change Of Name Of Licensee/Partner On License Issued For Mangal Office, Lodging, Ice Fruit - Ice, Grain Kiln, Salon/Beauty Parlour, Panpatti, Egg Sale / Poultry, Skin-Bone, Rasgu-Hal, Animal Husbandry",If Business Is Under Galicha Vasti Nirmulan Then Related Dept NOC/ Non Residential Services Payment Receipt
Health,"Regarding Getting Second Copy Of License Issued For Mangal Office, Lodging, Ice Fruit - Ice, Grain Kiln, Salon/Beauty Parlour, Panpatti, Egg Sale / Poultry, Skin-Bone, Sugarcane Juice Shop License, Animal Husbandry",No Dues Certificate
Health,"Regarding Getting Second Copy Of License Issued For Mangal Office, Lodging, Ice Fruit - Ice, Grain Kiln, Salon/Beauty Parlour, Panpatti, Egg Sale / Poultry, Skin-Bone, Sugarcane Juice Shop License, Animal Husbandry",Original Certificate 
Health,"Regarding Getting Second Copy Of License Issued For Mangal Office, Lodging, Ice Fruit - Ice, Grain Kiln, Salon/Beauty Parlour, Panpatti, Egg Sale / Poultry, Skin-Bone, Sugarcane Juice Shop License, Animal Husbandry",Affidavit On 100Rs Stamp Paper
Health,"Regarding Getting Second Copy Of License Issued For Mangal Office, Lodging, Ice Fruit - Ice, Grain Kiln, Salon/Beauty Parlour, Panpatti, Egg Sale / Poultry, Skin-Bone, Sugarcane Juice Shop License, Animal Husbandry",Application Form With Reason
Health,"Regarding The Change In The Number Of Shares In License Issued For Mangal Office, Lodging, Ice Fruit-Ice, Granary, Salon/Beauty Parlour, Panpatti, Sale Of Eggs / Poultry, Skin-Bones, Sugarcane Juice Shop License, Animal Husbandry",Application
Health,"Regarding The Change In The Number Of Shares In License Issued For Mangal Office, Lodging, Ice Fruit-Ice, Granary, Salon/Beauty Parlour, Panpatti, Sale Of Eggs / Poultry, Skin-Bones, Sugarcane Juice Shop License, Animal Husbandry",Affidavit
Health,"Regarding The Change In The Number Of Shares In License Issued For Mangal Office, Lodging, Ice Fruit-Ice, Granary, Salon/Beauty Parlour, Panpatti, Sale Of Eggs / Poultry, Skin-Bones, Sugarcane Juice Shop License, Animal Husbandry",Original Certificate 
Health,"Regarding Transfer/Handover Of License Granted For Mangal Office, Lodging, Ice Fruit-Ice, Granary, Salon/Beauty Parlour, Panpatti, Egg Sale / Poultry, Skin-Bone, Sugarcane Juice Shop License, Animal Husbandry",No Dues Certificate
Health,"Regarding Transfer/Handover Of License Granted For Mangal Office, Lodging, Ice Fruit-Ice, Granary, Salon/Beauty Parlour, Panpatti, Egg Sale / Poultry, Skin-Bone, Sugarcane Juice Shop License, Animal Husbandry",Application Form With Reason
Health,"Renewal For License Of Application For Registration/ Renewal Of Registration Under Section 5 Of The Bombay Nursing Home Registration Act, 1949, Under Rules 4 And 6",NOC Of Fire Brigade Department
Health,"Renewal For License Of Application For Registration/ Renewal Of Registration Under Section 5 Of The Bombay Nursing Home Registration Act, 1949, Under Rules 4 And 6",Updated Registration Certificate Registered With Maharashtra Pollution Control Board
Health,"Renewal For License Of Application For Registration/ Renewal Of Registration Under Section 5 Of The Bombay Nursing Home Registration Act, 1949, Under Rules 4 And 6",Updated Registration Certificates Of The Medical Practitioner Registered With Maharashtra Medical Council And Concerned Medical Councils Of Maharashtra State
Health,"Renewal For License Of Application For Registration/ Renewal Of Registration Under Section 5 Of The Bombay Nursing Home Registration Act, 1949, Under Rules 4 And 6",Educational Certificates Of Nursing Cadre (Nurse With Qualification As Auxiliary Nursing Midwifery Or General Nursing Midwifery Is Mandatory) Copies Of Updated Registration Certificates Of Nurses Registered With Maharashtra Nursing Council
Health,"Renewal For License Of Application For Registration/ Renewal Of Registration Under Section 5 Of The Bombay Nursing Home Registration Act, 1949, Under Rules 4 And 6",Receipt Of Payment Of Water Tax For Separate Water Connection With Meter
Health,"Renewal For License Of Application For Registration/ Renewal Of Registration Under Section 5 Of The Bombay Nursing Home Registration Act, 1949, Under Rules 4 And 6","Medical Practitioners, Degree/Graduate Certificates of Medical Education, Degree/Graduate Certificates of Educational Enhancement, Certificates of Enhanced Educational Qualification Appointment Letters And Their Own Letter Of Acceptance Of Appointment In C (...)"
Health,"Renewal For License Of Application For Registration/ Renewal Of Registration Under Section 5 Of The Bombay Nursing Home Registration Act, 1949, Under Rules 4 And 6",Receipt Of Income For The Current Year/Tax Collection And Taxation NOC Of Division
Health,"Renewal For License Of Application For Registration/ Renewal Of Registration Under Section 5 Of The Bombay Nursing Home Registration Act, 1949, Under Rules 4 And 6",Photocopy Of Nursing Home Registration Certificate
Health,"Renewal For License Of Application For Registration/ Renewal Of Registration Under Section 5 Of The Bombay Nursing Home Registration Act, 1949, Under Rules 4 And 6",Biomedical No Dues Certificate
Health,"Renewal For License Of Application For Registration/ Renewal Of Registration Under Section 5 Of The Bombay Nursing Home Registration Act, 1949, Under Rules 4 And 6",Photocopies Of The Boards Displayed In The Facade Of The Hospital Showing The Tariff Of Treatment Provided In The Hospital And The Code Of Patient Rights
Health,"Renewal For License Of Application For Registration/ Renewal Of Registration Under Section 5 Of The Bombay Nursing Home Registration Act, 1949, Under Rules 4 And 6","If The Business Is In The Form Of A Company Or Partnership, A Copy Of The Registered Partnership, In Case Of A Company, A Copy Of The Articles Of Association Of The Company / A Copy Of The Registration Certificate Of The Office Of The Charity Commissioner, (...)"
Health,"Renewal For License Of Application For Registration/ Renewal Of Registration Under Section 5 Of The Bombay Nursing Home Registration Act, 1949, Under Rules 4 And 6","City Family Welfare Office, Pune M.N.P. Family Planning Surgery Letter From (If Maternity Bed)"
Health,"Renewal For License Of Application For Registration/ Renewal Of Registration Under Section 5 Of The Bombay Nursing Home Registration Act, 1949, Under Rules 4 And 6",Copy Of Registered Tenancy Agreement If The Place Of Business Is On Tenancy Agreement.
Health,"Renewal Of License For Marriage Hall, Lodging, Fruit - Ice , Roasted Grain, Salon/Beauty Parlour, Panpatti, Egg Selling/Poultry, Rasgular , Animal Stable",Original License Book
Health,"Renewal Of License For Marriage Hall, Lodging, Fruit - Ice , Roasted Grain, Salon/Beauty Parlour, Panpatti, Egg Selling/Poultry, Rasgular , Animal Stable",Receipt Of Water Tax For The Current Year
Health,"Renewal Of License For Marriage Hall, Lodging, Fruit - Ice , Roasted Grain, Salon/Beauty Parlour, Panpatti, Egg Selling/Poultry, Rasgular , Animal Stable",NOC Of Fire Brigade Department
Health,"Renewal Of License For Marriage Hall, Lodging, Fruit - Ice , Roasted Grain, Salon/Beauty Parlour, Panpatti, Egg Selling/Poultry, Rasgular , Animal Stable",Receipt Of Income For The Current Year/Tax Collection And Taxation NOC Of Division
Health,"Renewal Of License For Marriage Hall, Lodging, Fruit - Ice , Roasted Grain, Salon/Beauty Parlour, Panpatti, Egg Selling/Poultry, Rasgular , Animal Stable","Printed Application In Favour Of Health Officer, Pune Municipal Corporation."
Health,"Transfer Of License / Owner Name Change For Application For Registration/ Renewal Of Registration Under Section 5 Of The Bombay Nursing Home Registration Act, 1949, Under Rules 4 And 6",No Dues Certificate
Health,"Transfer Of License / Owner Name Change For Application For Registration/ Renewal Of Registration Under Section 5 Of The Bombay Nursing Home Registration Act, 1949, Under Rules 4 And 6",Application Form With Reason
PTAX,PT5 - Property Tax Title Transfer,Affidavit Letter (Regarding Inheritance)
PTAX,PT5 - Property Tax Title Transfer,Death Certificate
PTAX,PT5 - Property Tax Title Transfer,Reward Letter
PTAX,PT5 - Property Tax Title Transfer,Affidavit Letter (Regarding Inheritance)
PTAX,PT5 - Property Tax Title Transfer,Issued Letter
PTAX,PT5 - Property Tax Title Transfer,Property Tax NOC
PTAX,PT5 - Property Tax Title Transfer,Government Certificate A Company Change Of Name
PTAX,PT5 - Property Tax Title Transfer,Society NOC (At New Case Need To Add Above Two Documents))
PTAX,PT5 - Property Tax Title Transfer,Index II
PTAX,PT5 - Property Tax Title Transfer,Property Tax NOC
PTAX,PT5 - Property Tax Title Transfer,Aggreement of Purchased(Kharedikhat) Document.
PTAX,PT5 - Property Tax Title Transfer,Property Tax NOC
PTAX,PT5 - Property Tax Title Transfer,7 | 12 Utara
PTAX,PT5 - Property Tax Title Transfer,Property Tax NOC
PTAX,PT5 - Property Tax Title Transfer,Death Certificate
PTAX,PT5 - Property Tax Title Transfer,Property Card Utara
PTAX,PT5 - Property Tax Title Transfer,Reward Letter
PTAX,PT5 - Property Tax Title Transfer,Property Tax NOC
PTAX,PT5 - Property Tax Title Transfer,Issued Letter
PTAX,PT5 - Property Tax Title Transfer,Affidavit Letter (Regarding Inheritance)
PTAX,PT5 - Property Tax Title Transfer,Reward Letter
PTAX,PT5 - Property Tax Title Transfer,Death Certificate
PTAX,PT5 - Property Tax Title Transfer,Property Tax NOC
PTAX,PT5 - Property Tax Title Transfer,"With Refernce To  Hon.Collector Office Register Utara And Hon.Standing Committee Decision/ Letter Number:NSJA/5444 Dated 04 Feb 2010 Owner's Name ,Remaining Dues Affidavit,Property Tax NOC."
PTAX,PT5 - Property Tax Title Transfer,Property Tax NOC
PTAX,PT5 - Property Tax Title Transfer,Issued Letter
Skysign,Cancellation Of License,Application Form With Reason
Skysign,Cancellation Of License,If Proprietorship - Then Individual Application
Skysign,Cancellation Of License,No Dues Certificate
Skysign,Cancellation Of License,Original Certificate 
Skysign,Change In Number Of Partners,No Dues Certificate
Skysign,Change In Number Of Partners,Application Form With Reason
Skysign,Change Of Name Of Licensee/ Partner,Application Form With Reason
Skysign,Change Of Name Of Licensee/ Partner,No Dues Certificate
Skysign,License Transfer / Change Of Name / Change Of Business (Sky Sign),Application Form With Reason
Skysign,License Transfer / Change Of Name / Change Of Business (Sky Sign),No Dues Certificate
Skysign,Moving Vehicle Hoarding License,Vehicle Fitness Certificate
Skysign,Moving Vehicle Hoarding License,Permission Of RTO Office
Skysign,Moving Vehicle Hoarding License,Vehicle Owner Consent Letter
Skysign,Moving Vehicle Hoarding License,Photograph Of The Vehicle From All Sides
Skysign,Moving Vehicle Hoarding License,Photograph Of The Vehicle From All Sides
Skysign,Moving Vehicle Hoarding License,Vehicle Fitness Certificate
Skysign,Moving Vehicle Hoarding License,Permission Of RTO Office
Skysign,Moving Vehicle Hoarding License,Vehicle Insurance Document
Skysign,Moving Vehicle Hoarding License,Vehicle Insurance Document
Skysign,Moving Vehicle Hoarding License,NOC Of Encrochment Department
Skysign,Moving Vehicle Hoarding License,NOC Of Encrochment Department
Skysign,Moving Vehicle Hoarding License,NOC Of Encrochment Department
Skysign,Moving Vehicle Hoarding License,Vehicle Owner Consent Letter
Skysign,Moving Vehicle Hoarding License,PUC Certificate
Skysign,Moving Vehicle Hoarding License,Vehicle TC
Skysign,Moving Vehicle Hoarding License,Vehicle Registration Certificate-RC
Skysign,Moving Vehicle Hoarding License,PUC Certificate
Skysign,Moving Vehicle Hoarding License,Driver's License
Skysign,Moving Vehicle Hoarding License,Valid License If Commercial Vehicle
Skysign,Moving Vehicle Hoarding License,Certificate Of Police Deputy Commissioner Traffic Department
Skysign,Moving Vehicle Hoarding License,Certificate Of Police Deputy Commissioner Traffic Department
Skysign,Moving Vehicle Hoarding License,Valid License If Commercial Vehicle
Skysign,Moving Vehicle Hoarding License,Driver's License
Skysign,Moving Vehicle Hoarding License,Vehicle TC
Skysign,Moving Vehicle Hoarding License,Vehicle Registration Certificate-RC
Skysign,Secondary Copy Of License,Original License Book
Skysign,SP1 Storage,No Objection Certificate For The Society Members Where The Business Is Situated (If Required)
Skysign,SP1 Storage,Rental Agreement Receipt
Skysign,SP1 Storage,Consent Letter
Skysign,SP1 Storage,Partnership Letter
Skysign,SP1 Storage,NOC  Of Construction Department
Skysign,SP1 Storage,"Applicant's Undertaking  (RS 500, Stamp Paper Notarized)"
Skysign,SP1 Storage,"In The Name Of Deputy Commissioner, Pune Municipal Corporation, Printed Application"
Skysign,SP1 Storage,The Gram Panchayat NOC If The Business  Is In The Gram Panchayat  Zone 
Skysign,SP1 Storage,Business Space Maps With 3 Blue Print Sites Plans
Skysign,SP1 Storage,Receipt Of Paid Property Tax & NOC
Skysign,SP1 Storage,"Shop Act License, Self Attested."
Skysign,SP1 Storage,NOC Of Health Department
Skysign,SP1 Storage,NOC Of Fire Brigade Department
Skysign,SP1 Storage,If Business Is Under Galicha Vasti Nirmulan Then Related Department NOC
Skysign,SP1 Storage,Article/Memorandum Of Association
Skysign,"SP2 License Application For Storing Bamboo Coir, Coal Etc.",Rental Agreement Receipt
Skysign,"SP2 License Application For Storing Bamboo Coir, Coal Etc.","In The Name Of Deputy Commissioner, Pune Municipal Corporation, Printed Application"
Skysign,"SP2 License Application For Storing Bamboo Coir, Coal Etc.",Receipt Of Paid Property Tax & NOC
Skysign,"SP2 License Application For Storing Bamboo Coir, Coal Etc.","Shop Act License, Self Attested"
Skysign,"SP2 License Application For Storing Bamboo Coir, Coal Etc.",Article/Memorandum Of Association
Skysign,"SP2 License Application For Storing Bamboo Coir, Coal Etc.",Business Space Maps With 3 Blue Print Sites Plans
Skysign,"SP2 License Application For Storing Bamboo Coir, Coal Etc.",Partnership Letter
Skysign,"SP2 License Application For Storing Bamboo Coir, Coal Etc.",If Business Is Under Galicha Vasti Nirmulan Then Related Department NOC
Skysign,"SP2 License Application For Storing Bamboo Coir, Coal Etc.",NOC  Of Construction Department
Skysign,"SP2 License Application For Storing Bamboo Coir, Coal Etc.",NOC Of Fire Brigade Department
Skysign,"SP2 License Application For Storing Bamboo Coir, Coal Etc.","Applicant's Undertaking  (RS 500, Stamp Paper Notarized)"
Skysign,"SP2 License Application For Storing Bamboo Coir, Coal Etc.",NOC Of Health Department
Skysign,"SP2 License Application For Storing Bamboo Coir, Coal Etc.",The Gram Panchayat NOC If The Business  Is In The Gram Panchayat  Zone 
Skysign,"SP2 License Application For Storing Bamboo Coir, Coal Etc.",Rent / Rental Agreement (If Occupancy Space Is Rented) / Non-Objectionable Letter Of Original Owner
Skysign,"SP2 License Application For Storing Bamboo Coir, Coal Etc.",Consent Letter
Skysign,"SP2 License Application For Storing Bamboo Coir, Coal Etc.",No Objection Certificate For The Society Members Where The Business Is Situated (If Required)
Skysign,"SP3 License For Creating Spices, Electroplating And Clothing Paint",Rental Agreement Receipt
Skysign,"SP3 License For Creating Spices, Electroplating And Clothing Paint",No Objection Certificate For The Society Members Where The Business Is Situated (If Required)
Skysign,"SP3 License For Creating Spices, Electroplating And Clothing Paint",Partnership Letter
Skysign,"SP3 License For Creating Spices, Electroplating And Clothing Paint",Article/Memorandum Of Association
Skysign,"SP3 License For Creating Spices, Electroplating And Clothing Paint",Article/Memorandum Of Association
Skysign,"SP3 License For Creating Spices, Electroplating And Clothing Paint",The Gram Panchayat NOC If The Business  Is In The Gram Panchayat  Zone 
Skysign,"SP3 License For Creating Spices, Electroplating And Clothing Paint","Applicant's Undertaking  (RS 500, Stamp Paper Notarized)"
Skysign,"SP3 License For Creating Spices, Electroplating And Clothing Paint",NOC  Of Construction Department
Skysign,"SP3 License For Creating Spices, Electroplating And Clothing Paint",If Business Is Under Galicha Vasti Nirmulan Then Related Department NOC
Skysign,"SP3 License For Creating Spices, Electroplating And Clothing Paint",Receipt Of Income For The Current Year/Tax Collection And Taxation NOC Of Division
Skysign,"SP3 License For Creating Spices, Electroplating And Clothing Paint",Business Space Maps With 3 Blue Print Sites Plans
Skysign,"SP3 License For Creating Spices, Electroplating And Clothing Paint","In The Name Of Deputy Commissioner, Pune Municipal Corporation, Printed Application"
Skysign,"SP3 License For Creating Spices, Electroplating And Clothing Paint",Independent Tap Connection With Meter (Water Taps Payment Receipt)
Skysign,"SP3 License For Creating Spices, Electroplating And Clothing Paint",The Gram Panchayat NOC If The Business  Is In The Gram Panchayat  Zone 
Skysign,"SP3 License For Creating Spices, Electroplating And Clothing Paint",NOC Of Health Department
Skysign,"SP3 License For Creating Spices, Electroplating And Clothing Paint",Consent Letter
Skysign,"SP3 License For Creating Spices, Electroplating And Clothing Paint",Drainage NOC
Skysign,"SP3 License For Creating Spices, Electroplating And Clothing Paint",NOC Of Fire Brigade Department
Skysign,"SP3 License For Creating Spices, Electroplating And Clothing Paint","Shop Act License, Self Attested"
Skysign,SP4 License Renewal Application,Applicant's Undertaking (Notarized On Rs. 500 Stamp Paper)
Skysign,SP4 License Renewal Application,Copy Of Letter From Concerned Ward Office Regarding Approval Of Previous Renewal
Skysign,SP4 License Renewal Application,Receipt Of Paid Property Tax / NOC
Skysign,SP4 License Renewal Application,Owner's NOC Notarized (Rs.500 Stamp Paper)
Skysign,SP4 License Renewal Application,Article/Memorandum Of Association
Skysign,SP4 License Renewal Application,NOC Of Fire Brigade Department
Skysign,SP4 License Renewal Application,The Gram Panchayat NOC If The Business  Is In The Gram Panchayat  Zone 
Skysign,SP4 License Renewal Application,Structural Stability Report
Skysign,SP4 License Renewal Application,Upload Photo Showing License No. On Board & Distant Photo Showing Location Of The Advertisment Board
Skysign,SP5 Permit Applications For Machinery,NOC Of Health Department
Skysign,SP5 Permit Applications For Machinery,NOC Of Fire Brigade Department
Skysign,SP5 Permit Applications For Machinery,"In The Name Of Deputy Commissioner, Pune Municipal Corporation, Printed Application"
Skysign,SP5 Permit Applications For Machinery,Business Space Maps With 3 Blue Print Sites Plans
Skysign,SP5 Permit Applications For Machinery,Independent Tap Connection With Meter (Water Taps Payment Receipt)
Skysign,SP5 Permit Applications For Machinery,If Business Is Under Galicha Vasti Nirmulan Then Related Department NOC
Skysign,SP5 Permit Applications For Machinery,Receipt Of Income For The Current Year/Tax Collection And Taxation NOC Of Division
Skysign,SP5 Permit Applications For Machinery,Article/Memorandum Of Association
Skysign,SP5 Permit Applications For Machinery,NOC  Of Construction Department
Skysign,SP5 Permit Applications For Machinery,No Objection Certificate For The Society Members Where The Business Is Situated (If Required)
Skysign,SP5 Permit Applications For Machinery,Receipt Of Paid Property Tax & NOC
Skysign,SP5 Permit Applications For Machinery,Consent Letter
Skysign,SP5 Permit Applications For Machinery,NOC Of The Water Supply Department
Skysign,SP5 Permit Applications For Machinery,Partnership Letter
Skysign,SP5 Permit Applications For Machinery,Rental Agreement Receipt
Skysign,SP5 Permit Applications For Machinery,"Applicant's Undertaking  (RS 500, Stamp Paper Notarized)"
Skysign,SP5 Permit Applications For Machinery,"Shop Act License, Self Attested."
Skysign,SP5 Permit Applications For Machinery,The Gram Panchayat NOC If The Business  Is In The Gram Panchayat  Zone 
Skysign,SP6 Renewal Of Permit Applications For Machinery,Applicant's Undertaking (Notarized On Rs. 500 Stamp Paper)
Skysign,SP6 Renewal Of Permit Applications For Machinery,The Gram Panchayat NOC If The Business  Is In The Gram Panchayat  Zone 
Skysign,SP6 Renewal Of Permit Applications For Machinery,Upload Photo Showing License No. On Board & Distant Photo Showing Location Of The Advertisment Board
Skysign,SP6 Renewal Of Permit Applications For Machinery,Article/Memorandum Of Association
Skysign,SP6 Renewal Of Permit Applications For Machinery,Receipt Of Paid Property Tax / NOC
Skysign,SP6 Renewal Of Permit Applications For Machinery,Owner's NOC Notarized (Rs.500 Stamp Paper)
Skysign,SP6 Renewal Of Permit Applications For Machinery,NOC Of Fire Brigade Department
Skysign,SP6 Renewal Of Permit Applications For Machinery,NOC  Of Construction Department
Skysign,SP6 Renewal Of Permit Applications For Machinery,Copy Of Letter From Concerned Ward Office Regarding Approval Of Previous Renewal
Skysign,SP7 License Application For Sign Board,"Applicant's Undertaking  (RS 500, Stamp Paper Notarized)"
Skysign,SP7 License Application For Sign Board,Acceptance(Construction Completion Certificate For Terrace Or Wall)
Skysign,SP7 License Application For Sign Board,Structural Stability Report With Map
Skysign,SP7 License Application For Sign Board,Photograph Of Land In The Advertisement Panel
Skysign,SP7 License Application For Sign Board,Applicant E-Mail
Skysign,SP7 License Application For Sign Board,Shop Act License
Skysign,SP7 License Application For Sign Board,Business Space Maps With 3 Blue Print Sites Plans
Skysign,SP7 License Application For Sign Board,Receipt Of Paid Property Tax & NOC
Skysign,SP7 License Application For Sign Board,Rental Agreement Receipt
Skysign,SP7 License Application For Sign Board,Owner’s Consent Sheet(On Rs. 500.00 Stamp Paper)
Skysign,SP7 License Application For Sky Sign,Photograph Of Marked Skysign With Latitude & Longitude
Skysign,SP7 License Application For Sky Sign,If The Land On Which Advertisement Is To Be Displayed Is Given On Lease By A Public Authority No Objection Certificate From The Lesser Is Also Required
Skysign,SP7 License Application For Sky Sign,"In The Name Of Deputy Commissioner, Pune Municipal Corporation, Printed Application"
Skysign,SP7 License Application For Sky Sign,Acceptance(Construction Completion Certificate For Terrace Or Wall)
Skysign,SP7 License Application For Sky Sign,Advertiser E-Mail
Skysign,SP7 License Application For Sky Sign,Affidavit Of Adversting Fee (Rs 500 Stamp Paper) 
Skysign,SP7 License Application For Sky Sign,If Business Is Under Galicha Vasti Nirmulan Then Related Department NOC
Skysign,SP7 License Application For Sky Sign,Photograph Of Land In The Advertisement Panel
Skysign,SP7 License Application For Sky Sign,Architect's Certificate
Skysign,SP7 License Application For Sky Sign,Structural Stability Report With Map
Skysign,SP7 License Application For Sky Sign,Certificate Of Tree Authority AMC (If Terrace Then Not Applicable)
Skysign,SP7 License Application For Sky Sign,In The Certificate Of Police Deputy Commissioner Traffic Department
Skysign,SP7 License Application For Sky Sign,"Applicant's Undertaking  (RS 500, Stamp Paper Notarized)"
Skysign,SP7 License Application For Sky Sign,Owner’s Consent Sheet(On Rs. 500.00 Stamp Paper)
Skysign,SP7 License Application For Sky Sign,Rental Agreement Receipt
Skysign,SP7 License Application For Sky Sign,Receipt Of Paid Property Tax & NOC
Skysign,SP7 License Application For Sky Sign,Business Space Maps With 3 Blue Print Sites Plans
Skysign,SP7 License Application For Sky Sign,Consent Letter
Skysign,SP7 License Application For Sky Sign,No Objection Certificate (NOC) From The Landlord Of The Land Or Building Over Which Advertisement Is Proposed to Be Displayed
Skysign,SP7 License Application For Sky Sign,"In Case Of Hoarding On The Terrace Of A Building. No Objection Certificate & The Certified Copy Of The Resolution Duly Passed In The General Body Meeting. In Other Cases, The No Objection Certificate From 2/3rd Members Of The Building Is Necessary"
Skysign,SP7 License Application For Sky Sign,"Photograph Of Marked Skysign 10 x 8"" (Two Copies)"""
Skysign,SP7 License Application For Sky Sign,"The Structural Design Or Plan, Approved By A Licensed Structural Engineer"
Skysign,SP7 License Application For Sky Sign,Landlord's/Applicant/Advertise Agency Property Tax No Dues Certificate
Skysign,SP7 License Application For Sky Sign,The Registration Certificate Of General Service Tax (GST)
Skysign,SP7 License Application For Sky Sign,As Per R&R 2022 Rules 24(1) Consent (On Rs.500/- Stamp Paper) In Writing From Landlord's/Applicant/Advertise Agency
Skysign,SP7 License Application For Sky Sign,"If Necessary, The Competent Authority Will Seek A No Objection Certificate From The Competent Officer Of The Police (Traffic) Department And The Parks Department Of The Municipal Corporation"
Skysign,SP7 License Application For Sky Sign,Two Copies Of The Location Plan Indicating Presence Of Any Trees Or Any Other Hoarding Within 40 Meters Of The Location Along The Same Alignment And Dimensions Thereof. No Objection Certificate From The Office Of Traffic Department And Garden Department Of (...)
Skysign,SP7 License Application For Sky Sign,Structural Engineer's Stability Certificate & Drawings
Skysign,SP7 License Application For Sky Sign,No Objection Certificate From The Civil Aviation Department Of The Government Of India Wherever Necessary
Skysign,SP7 License Application For Sky Sign,"Two Copies Of The Design And Colour Scheme And Sketch Showing The Exact Location Of The Proposed Site In Question, Including Computer Generated Design Image Along With External Lighting Fixtures"
Skysign,SP7 License Application For Sky Sign,"The Structural Stability Certificate, From Licensed Structural Engineer, Of The Building On Which The Advertisement Is To Be Erected And The Structural Stability Certificate Of The Hoarding Structure"
Skysign,SP8 Renewal Application Of Advertising License,As Per R&R 2022 Rules 24(1) Consent (On Rs.500/- Stamp Paper) In Writing From Landlord's/Applicant/Advertise Agency
Skysign,SP8 Renewal Application Of Advertising License,Copy Of License (Form C) Issued By Municipal Corporation For Advertising Boards
Skysign,SP8 Renewal Application Of Advertising License,Structural Engineer's Stability Certificate & Drawings
Skysign,SP8 Renewal Application Of Advertising License,Landlord's/Applicant/Advertise Agency Property Tax No Dues Certificate
Skysign,SP8 Renewal Application Of Advertising License,Last Year License Fee Receipt
Skysign,SP8 Renewal Application Of Advertising License,"Two Copies Of 10x 8"" Photograph Of The Existing Hoarding With License Code"""
Skysign,SP8 Renewal Application Of Advertising License,Copy Of Letter From Concerned Ward Office Regarding Approval Of Previous Renewal
Skysign,SP8 Renewal Application Of Advertising License,Applicant's Undertaking (Notarized On Rs. 500 Stamp Paper)
Skysign,SP8 Renewal Application Of Advertising License,SkySign Licence Form C
Skysign,SP8 Renewal Application Of Advertising License,Completion Certificate / Building Stability (If Board Is On Wall Or Terrace)
Skysign,SP8 Renewal Application Of Advertising License,Structural Stability Report
Skysign,SP8 Renewal Application Of Advertising License,Advertisment Board Holder's G.S.T Attested Copy Of Registration Certificate
Skysign,SP8 Renewal Application Of Advertising License,Advertisement Board Renewal Form(SP 8)
Skysign,SP8 Renewal Application Of Advertising License,Owner's NOC Notarized (Rs.500 Stamp Paper)
Skysign,SP8 Renewal Application Of Advertising License,Receipt Of Paid Property Tax / NOC
Skysign,SP8 Renewal Application Of Advertising License,Upload Photo Showing License No. On Board & Distant Photo Showing Location Of The Advertisment Board
Tree,Branch Cutting,Undertaking Form
Tree,Branch Cutting,Photo Of The Branch To Be Cut (We Can Upload Multiple Photo Here)
Tree,Tree Cutting And Replantation,Tree Photo
Tree,Tree Cutting And Replantation,C-Form
Tree,Tree Cutting And Replantation,D-Form
Tree,Tree Cutting And Replantation,Approved Map Signed By Competent Engineer
Tree,Tree Cutting And Replantation,Work Order Copy
Tree,Tree Cutting And Replantation,Tree Photo
Tree,Tree Cutting And Replantation,Color Logic Map (Cut Tree In Red Color & 3 Plant Tree In Blue Color)
Tree,Tree Cutting And Replantation,Commencement Certificate
Tree,Tree Cutting And Replantation,Photo Of The Branch To Be Cut (We Can Upload Multiple Photo Here)
Tree,Tree Cutting And Replantation,Index Information
Tree,Tree Cutting And Replantation,D-Form
Tree,Tree Cutting And Replantation,C-Form
Tree,Tree Cutting And Replantation,D-Form
Tree,Tree Cutting And Replantation,C-Form
Tree,Tree Cutting And Replantation,C-Form
Tree,Tree Cutting And Replantation,D-Form
Tree,Tree Cutting And Replantation,Index Information
Tree,Tree Cutting And Replantation,D-Form
Tree,Tree Cutting And Replantation,Tree Photo
Tree,Tree Cutting And Replantation,Index II
Tree,Tree Cutting And Replantation,Map
Tree,Tree Cutting And Replantation,Property Tax NOC
Tree,Tree Cutting And Replantation,7/12 Tax Bill
Tree,Tree Cutting And Replantation,Architect Undertaken Letter
Tree,Tree Cutting And Replantation,C-Form
Tree,Tree Cutting And Replantation,Tree Photo
Tree,Tree Cutting And Replantation,C-Form
Tree,Tree Cutting And Replantation,D-Form
Tree,Tree Cutting And Replantation,C-Form
Tree,Tree Cutting And Replantation,D-Form
Tree,Tree Cutting And Replantation,Provisional NOC
water,Change In Ownership/ Change In Name,Affidavit
water,Change In Ownership/ Change In Name,Death Certificate
water,Change In Ownership/ Change In Name,Purchase Letter
water,Change In Ownership/ Change In Name,"Photo Copy Of MSEDCL Bill ( Light Bill), Self Attested"
water,Change In Ownership/ Change In Name,Index II
water,Change In Ownership/ Change In Name,Paid Property Tax Receipt/ Property Tax NOC
water,Changing The Connection Size,Water Tax Bill
water,Changing The Connection Size,Aadhaar Card
water,Changing The Connection Size,Property Tax Bill 
water,New/ Reconnect Water Connection,Building Sanctioned Plan/Drawing Map
water,New/ Reconnect Water Connection,Water Line Layout Plan
water,New/ Reconnect Water Connection,"Applicant's Undertaking On Stamp Paper(RS 500, Notarized)"
water,New/ Reconnect Water Connection,"Applicant's Undertaking On Stamp Paper(RS 500, Notarized)"
water,New/ Reconnect Water Connection,Bhogvata Patra(Occupancy Certificate)
water,New/ Reconnect Water Connection,Owner NOC 
water,New/ Reconnect Water Connection,Bhogvata Patra(Occupancy Certificate)
water,New/ Reconnect Water Connection,Valid Plumbing License
water,New/ Reconnect Water Connection,Paid Property Tax Receipt/ Property Tax NOC
water,New/ Reconnect Water Connection,Water Line Layout Plan
water,New/ Reconnect Water Connection,Building Sanctioned Plan/Drawing Map
water,New/ Reconnect Water Connection,Paid Property Tax Receipt/ Property Tax NOC
water,New/ Reconnect Water Connection,Water Line Development Charges/Water Line Development NOC
water,New/ Reconnect Water Connection,Valid Plumbing License
water,New/ Reconnect Water Connection,Meter NOC
water,New/ Reconnect Water Connection,Water Line Development Charges/Water Line Development NOC
water,New/ Reconnect Water Connection,Valid Plumbing License
water,New/ Reconnect Water Connection,"Applicant's Undertaking On Stamp Paper(RS 500, Notarized)"
water,New/ Reconnect Water Connection,If Tenant No Objection Letter From Owner
water,New/ Reconnect Water Connection,Society NOC
water,New/ Reconnect Water Connection,Medical Certificate (MBBS Only)
water,New/ Reconnect Water Connection,Meter NOC
water,New/ Reconnect Water Connection,Bhogvata Patra(Occupancy Certificate)
water,New/ Reconnect Water Connection,"Shop Act License, Self Attested"
water,New/ Reconnect Water Connection,Water Line Layout Plan
water,New/ Reconnect Water Connection,Building Sanctioned Plan/Drawing Map
water,New/ Reconnect Water Connection,Paid Property Tax Receipt/ Property Tax NOC
water,New/ Reconnect Water Connection,Water Line Development Charges/Water Line Development NOC
water,New/ Reconnect Water Connection,Meter NOC
water,Plumbing License / Renewal,Ration Card
water,Plumbing License / Renewal,Exam Certificate For Plumbing
water,Plumbing License / Renewal,"Certificate Of Completion Of Academics(For Architects, Engineers, ITI)"
water,Plumbing License / Renewal,3 Years Of Experience Certificates Of Two Builders Or Architects(Architechts Only)
water,Plumbing License / Renewal,"Identity Proof(Driving License, Pan Card, Voter Id)"
water,Plumbing License / Renewal,School Leaving Certificate(7th Pass Only)
water,Plumbing License / Renewal,Plumber Photo
water,Plumbing License / Renewal,Plumber Photo
water,Tap Repair,Water Tax Bill
water,Tap Repair,Aadhaar Card
water,Tap Repair,Property Tax Bill 
water,Temporary Permanent Disconnection Of Water Connection,Paid Property Tax Receipt/ Property Tax NOC
water,Temporary Permanent Disconnection Of Water Connection,Applicant Identification Proof (Aadhaar Card/PAN Card/Driving License)
